,omega,alpha_1,beta_1
0,2.412776907819652e-05,0.3431561124260786,0.5778789867031477
