,UB,INITIAL
StoredEnergy_0,200717.6,59419.3
StoredEnergy_1,19617.2,5874.9
StoredEnergy_2,51806.1,12859.2
StoredEnergy_3,12744.9,5271.5
inflow_0,0,55899.53853659
inflow_1,0,7237.8402439
inflow_2,0,14156.975
inflow_3,0,10551.62268293
hydro_0,45414.3,0
hydro_1,13081.5,0
hydro_2,9900.9,0
hydro_3,7629.9,0